{
  "avg_inference_ms": 20.57797909656074,
  "std_inference_ms": 0.8093084216012192,
  "min_inference_ms": 18.889250000938773,
  "max_inference_ms": 21.134332986548543,
  "avg_per_event_ms": 0.08038273084594039,
  "avg_feature_extraction_ms": 9.838554189773276,
  "total_events": 256,
  "throughput_events_per_sec": 12440.483042515389
}