{
  "avg_inference_ms": 20.084058397333138,
  "std_inference_ms": 1.1353315568116313,
  "min_inference_ms": 18.337707995669916,
  "max_inference_ms": 21.378957986598834,
  "avg_per_event_ms": 0.07845335311458257,
  "avg_feature_extraction_ms": 9.568318359379191,
  "total_events": 256,
  "throughput_events_per_sec": 12746.427785431702
}