{
  "metrics": {
    "accuracy": 0.9795918367346939,
    "precision": 0.9615384615384616,
    "recall": 1.0,
    "f1": 0.9803921568627451
  },
  "performance": {
    "training_time_seconds": 9.46991491317749,
    "inference_time_seconds": 0.6906571388244629,
    "avg_latency_ms": 14.095043649478836,
    "num_train": 192,
    "num_test": 49
  }
}